{"cameraMode":{"drawMode":0,"name":"Shaded","section":"Shading Mode"},"sceneLighting":true,"audioPlay":false,"sceneViewState":{"showFog":true,"showMaterialUpdate":false,"showSkybox":true,"showFlares":true,"showImageEffects":true,"showParticleSystems":true},"in2DMode":false,"pivot":{"x":-1507.119140625,"y":-1152.81884765625,"z":2040.8154296875},"rotation":{"x":-0.11853516101837158,"y":-0.00003584618025342934,"z":-0.0000073101687121379658,"w":-0.9929831624031067},"size":9229.025390625,"orthographic":false}